<?xml version="1.0" encoding="UTF-8" standalone="yes"?>
<addon id="plugin.video.phantomcleaner" name="Phantom Cache Cleaner" version="1.0" provider-name="maguinho">
  <requires>
    <import addon="xbmc.python" version="2.0"/>
    <import addon="plugin.video.youtube"/>
  </requires>
  <extension point="xbmc.python.pluginsource" library="default.py">
        <provides>executable</provides>
  </extension>
  <extension point="xbmc.addon.metadata">
    <summary lang="en">Phantom Cache Cleaner</summary>
    <description lang="en">Phantom Cache Cleaner is a program created by maguinho.</description>
    <platform>all</platform>
  </extension>
</addon>
