<?xml version="1.0" encoding="UTF-8" standalone="yes"?>
<addon id="plugin.video.whufclee"
	name="Whufclee Tutorial Videos" version="1.0.2" provider-name="Whufclee">
  <requires>
    <import addon="xbmc.python" version="2.1"/>
    <import addon="plugin.video.youtube" version="3.0.0"/>
  </requires>
  <extension point="xbmc.python.pluginsource" library="default.py">
    <provides>video</provides>
  </extension>
  <extension point="xbmc.addon.metadata">
    <summary lang="en">Whufclee Tutorial Videos</summary>
    <platform>all</platform>
  </extension>
</addon>
