<?xml version="1.0" encoding="UTF-8" standalone="yes"?>
<addon id="plugin.video.phantommaintenance" name="Phantom Maintenance" version="1.1" provider-name="Maguinho">
  <requires>
    <import addon="xbmc.python" version="2.0"/>
    <import addon="plugin.video.youtube"/>
  </requires>
  <extension point="xbmc.python.pluginsource" library="default.py">
        <provides>executable</provides>
  </extension>
  <extension point="xbmc.addon.metadata">
    <summary lang="en">Phantom Mainenance</summary>
    <description lang="en">Phantom Maintenance is your onestop tool for all fixes</description>
    <platform>all</platform>
    <forum></forum>
    <website></website>
  </extension>
</addon>
